Pokemon,SpriteURL
Abomasnow,https://raw.githubusercontent.com/PokeAPI/sprites/master/sprites/pokemon/460.png
Abra,https://raw.githubusercontent.com/PokeAPI/sprites/master/sprites/pokemon/63.png
Absol,https://raw.githubusercontent.com/PokeAPI/sprites/master/sprites/pokemon/359.png
Aegislash,https://raw.githubusercontent.com/PokeAPI/sprites/master/sprites/pokemon/681.png
Aerodactyl,https://raw.githubusercontent.com/PokeAPI/sprites/master/sprites/pokemon/142.png
Aggron,https://raw.githubusercontent.com/PokeAPI/sprites/master/sprites/pokemon/306.png
Aipom,https://raw.githubusercontent.com/PokeAPI/sprites/master/sprites/pokemon/190.png
Alakazam,https://raw.githubusercontent.com/PokeAPI/sprites/master/sprites/pokemon/65.png
Alcremie,https://raw.githubusercontent.com/PokeAPI/sprites/master/sprites/pokemon/869.png
Alomomola,https://raw.githubusercontent.com/PokeAPI/sprites/master/sprites/pokemon/594.png
Altaria,https://raw.githubusercontent.com/PokeAPI/sprites/master/sprites/pokemon/334.png
Amaura,https://raw.githubusercontent.com/PokeAPI/sprites/master/sprites/pokemon/698.png
Ambipom,https://raw.githubusercontent.com/PokeAPI/sprites/master/sprites/pokemon/424.png
Amoonguss,https://raw.githubusercontent.com/PokeAPI/sprites/master/sprites/pokemon/591.png
Ampharos,https://raw.githubusercontent.com/PokeAPI/sprites/master/sprites/pokemon/181.png
Annihilape,https://raw.githubusercontent.com/PokeAPI/sprites/master/sprites/pokemon/979.png
Anorith,https://raw.githubusercontent.com/PokeAPI/sprites/master/sprites/pokemon/347.png
Applin,https://raw.githubusercontent.com/PokeAPI/sprites/master/sprites/pokemon/840.png
Araquanid,https://raw.githubusercontent.com/PokeAPI/sprites/master/sprites/pokemon/752.png
Arcanine,https://raw.githubusercontent.com/PokeAPI/sprites/master/sprites/pokemon/59.png
Arcanine-Hisui,https://raw.githubusercontent.com/PokeAPI/sprites/master/sprites/pokemon/10230.png
Archen,https://raw.githubusercontent.com/PokeAPI/sprites/master/sprites/pokemon/566.png
Arctovish,https://raw.githubusercontent.com/PokeAPI/sprites/master/sprites/pokemon/883.png
Arctozolt,https://raw.githubusercontent.com/PokeAPI/sprites/master/sprites/pokemon/881.png
Ariados,https://raw.githubusercontent.com/PokeAPI/sprites/master/sprites/pokemon/168.png
Armarouge,https://raw.githubusercontent.com/PokeAPI/sprites/master/sprites/pokemon/936.png
Aron,https://raw.githubusercontent.com/PokeAPI/sprites/master/sprites/pokemon/304.png
Arrokuda,https://raw.githubusercontent.com/PokeAPI/sprites/master/sprites/pokemon/846.png
Audino,https://raw.githubusercontent.com/PokeAPI/sprites/master/sprites/pokemon/531.png
Avalugg,https://raw.githubusercontent.com/PokeAPI/sprites/master/sprites/pokemon/713.png
Avalugg-Hisui,https://raw.githubusercontent.com/PokeAPI/sprites/master/sprites/pokemon/10243.png
Axew,https://raw.githubusercontent.com/PokeAPI/sprites/master/sprites/pokemon/610.png
Azelf,https://raw.githubusercontent.com/PokeAPI/sprites/master/sprites/pokemon/482.png
Bagon,https://raw.githubusercontent.com/PokeAPI/sprites/master/sprites/pokemon/371.png
Baltoy,https://raw.githubusercontent.com/PokeAPI/sprites/master/sprites/pokemon/343.png
Banette,https://raw.githubusercontent.com/PokeAPI/sprites/master/sprites/pokemon/354.png
Barbaracle,https://raw.githubusercontent.com/PokeAPI/sprites/master/sprites/pokemon/689.png
Barboach,https://raw.githubusercontent.com/PokeAPI/sprites/master/sprites/pokemon/339.png
Barraskewda,https://raw.githubusercontent.com/PokeAPI/sprites/master/sprites/pokemon/847.png
Basculegion,https://raw.githubusercontent.com/PokeAPI/sprites/master/sprites/pokemon/902.png
Basculegion-F,https://raw.githubusercontent.com/PokeAPI/sprites/master/sprites/pokemon/10248.png
Basculin,https://raw.githubusercontent.com/PokeAPI/sprites/master/sprites/pokemon/550.png
Basculin-Blue-Striped,https://raw.githubusercontent.com/PokeAPI/sprites/master/sprites/pokemon/10016.png
Baxcalibur,https://raw.githubusercontent.com/PokeAPI/sprites/master/sprites/pokemon/998.png
Beartic,https://raw.githubusercontent.com/PokeAPI/sprites/master/sprites/pokemon/614.png
Beldum,https://raw.githubusercontent.com/PokeAPI/sprites/master/sprites/pokemon/374.png
Bellsprout,https://raw.githubusercontent.com/PokeAPI/sprites/master/sprites/pokemon/69.png
Bergmite,https://raw.githubusercontent.com/PokeAPI/sprites/master/sprites/pokemon/712.png
Bewear,https://raw.githubusercontent.com/PokeAPI/sprites/master/sprites/pokemon/760.png
Bidoof,https://raw.githubusercontent.com/PokeAPI/sprites/master/sprites/pokemon/399.png
Binacle,https://raw.githubusercontent.com/PokeAPI/sprites/master/sprites/pokemon/688.png
Bisharp,https://raw.githubusercontent.com/PokeAPI/sprites/master/sprites/pokemon/625.png
Blacephalon,https://raw.githubusercontent.com/PokeAPI/sprites/master/sprites/pokemon/806.png
Blipbug,https://raw.githubusercontent.com/PokeAPI/sprites/master/sprites/pokemon/824.png
Blitzle,https://raw.githubusercontent.com/PokeAPI/sprites/master/sprites/pokemon/522.png
Blitzle-Sevii,https://raw.githubusercontent.com/izrofid/rrsprites/refs/heads/master/sprites/blitzle-sevii.png
Boldore,https://raw.githubusercontent.com/PokeAPI/sprites/master/sprites/pokemon/525.png
Bombirdier,https://raw.githubusercontent.com/PokeAPI/sprites/master/sprites/pokemon/962.png
Bonsly,https://raw.githubusercontent.com/PokeAPI/sprites/master/sprites/pokemon/438.png
Bouffalant,https://raw.githubusercontent.com/PokeAPI/sprites/master/sprites/pokemon/626.png
Bounsweet,https://raw.githubusercontent.com/PokeAPI/sprites/master/sprites/pokemon/761.png
Bramblin,https://raw.githubusercontent.com/PokeAPI/sprites/master/sprites/pokemon/946.png
Braviary-Hisui,https://raw.githubusercontent.com/PokeAPI/sprites/master/sprites/pokemon/10240.png
Breloom,https://raw.githubusercontent.com/PokeAPI/sprites/master/sprites/pokemon/286.png
Bronzor,https://raw.githubusercontent.com/PokeAPI/sprites/master/sprites/pokemon/436.png
Brute Bonnet,https://raw.githubusercontent.com/PokeAPI/sprites/master/sprites/pokemon/986.png
Bruxish,https://raw.githubusercontent.com/PokeAPI/sprites/master/sprites/pokemon/779.png
Budew,https://raw.githubusercontent.com/PokeAPI/sprites/master/sprites/pokemon/406.png
Buizel,https://raw.githubusercontent.com/PokeAPI/sprites/master/sprites/pokemon/418.png
Bulbasaur,https://raw.githubusercontent.com/PokeAPI/sprites/master/sprites/pokemon/1.png
Buneary,https://raw.githubusercontent.com/PokeAPI/sprites/master/sprites/pokemon/427.png
Bunnelby,https://raw.githubusercontent.com/PokeAPI/sprites/master/sprites/pokemon/659.png
Burmy,https://raw.githubusercontent.com/PokeAPI/sprites/master/sprites/pokemon/412.png
Buzzwole,https://raw.githubusercontent.com/PokeAPI/sprites/master/sprites/pokemon/794.png
Cacnea,https://raw.githubusercontent.com/PokeAPI/sprites/master/sprites/pokemon/331.png
Calyrex,https://raw.githubusercontent.com/PokeAPI/sprites/master/sprites/pokemon/898.png
Capsakid,https://raw.githubusercontent.com/PokeAPI/sprites/master/sprites/pokemon/951.png
Carbink,https://raw.githubusercontent.com/PokeAPI/sprites/master/sprites/pokemon/703.png
Carkol,https://raw.githubusercontent.com/PokeAPI/sprites/master/sprites/pokemon/838.png
Carnivine,https://raw.githubusercontent.com/PokeAPI/sprites/master/sprites/pokemon/455.png
Carnivine-Sevii,https://raw.githubusercontent.com/izrofid/rrsprites/refs/heads/master/sprites/carnivine-sevii.png
Carvanha,https://raw.githubusercontent.com/PokeAPI/sprites/master/sprites/pokemon/318.png
Castform,https://raw.githubusercontent.com/PokeAPI/sprites/master/sprites/pokemon/351.png
Caterpie,https://raw.githubusercontent.com/PokeAPI/sprites/master/sprites/pokemon/10.png
Celebi,https://raw.githubusercontent.com/PokeAPI/sprites/master/sprites/pokemon/251.png
Celesteela,https://raw.githubusercontent.com/PokeAPI/sprites/master/sprites/pokemon/797.png
Centiskorch,https://raw.githubusercontent.com/PokeAPI/sprites/master/sprites/pokemon/851.png
Centiskorch-Sevii,https://raw.githubusercontent.com/izrofid/rrsprites/refs/heads/master/sprites/centiskorch-sevii.png
Ceruledge,https://raw.githubusercontent.com/PokeAPI/sprites/master/sprites/pokemon/937.png
Cetitan,https://raw.githubusercontent.com/PokeAPI/sprites/master/sprites/pokemon/975.png
Cetoddle,https://raw.githubusercontent.com/PokeAPI/sprites/master/sprites/pokemon/974.png
Chansey,https://raw.githubusercontent.com/PokeAPI/sprites/master/sprites/pokemon/113.png
Charcadet,https://raw.githubusercontent.com/PokeAPI/sprites/master/sprites/pokemon/935.png
Charjabug,https://raw.githubusercontent.com/PokeAPI/sprites/master/sprites/pokemon/737.png
Charmander,https://raw.githubusercontent.com/PokeAPI/sprites/master/sprites/pokemon/4.png
Chatot,https://raw.githubusercontent.com/PokeAPI/sprites/master/sprites/pokemon/441.png
Cherubi,https://raw.githubusercontent.com/PokeAPI/sprites/master/sprites/pokemon/420.png
Chespin,https://raw.githubusercontent.com/PokeAPI/sprites/master/sprites/pokemon/650.png
Chewtle,https://raw.githubusercontent.com/PokeAPI/sprites/master/sprites/pokemon/833.png
Chikorita,https://raw.githubusercontent.com/PokeAPI/sprites/master/sprites/pokemon/152.png
Chimchar,https://raw.githubusercontent.com/PokeAPI/sprites/master/sprites/pokemon/390.png
Chimecho,https://raw.githubusercontent.com/PokeAPI/sprites/master/sprites/pokemon/358.png
Chinchou,https://raw.githubusercontent.com/PokeAPI/sprites/master/sprites/pokemon/170.png
Chingling,https://raw.githubusercontent.com/PokeAPI/sprites/master/sprites/pokemon/433.png
Clamperl,https://raw.githubusercontent.com/PokeAPI/sprites/master/sprites/pokemon/366.png
Clauncher,https://raw.githubusercontent.com/PokeAPI/sprites/master/sprites/pokemon/692.png
Clauncher-Sevii,https://raw.githubusercontent.com/izrofid/rrsprites/refs/heads/master/sprites/clauncher-sevii.png
Clawitzer,https://raw.githubusercontent.com/PokeAPI/sprites/master/sprites/pokemon/693.png
Clefable,https://raw.githubusercontent.com/PokeAPI/sprites/master/sprites/pokemon/36.png
Clefairy,https://raw.githubusercontent.com/PokeAPI/sprites/master/sprites/pokemon/35.png
Clobbopus,https://raw.githubusercontent.com/PokeAPI/sprites/master/sprites/pokemon/852.png
Coalossal,https://raw.githubusercontent.com/PokeAPI/sprites/master/sprites/pokemon/839.png
Cofagrigus,https://raw.githubusercontent.com/PokeAPI/sprites/master/sprites/pokemon/563.png
Combee,https://raw.githubusercontent.com/PokeAPI/sprites/master/sprites/pokemon/415.png
Comfey,https://raw.githubusercontent.com/PokeAPI/sprites/master/sprites/pokemon/764.png
Conkeldurr,https://raw.githubusercontent.com/PokeAPI/sprites/master/sprites/pokemon/534.png
Copperajah,https://raw.githubusercontent.com/PokeAPI/sprites/master/sprites/pokemon/879.png
Corphish,https://raw.githubusercontent.com/PokeAPI/sprites/master/sprites/pokemon/341.png
Corsola,https://raw.githubusercontent.com/PokeAPI/sprites/master/sprites/pokemon/222.png
Corsola-Galar,https://raw.githubusercontent.com/PokeAPI/sprites/master/sprites/pokemon/10173.png
Corviknight,https://raw.githubusercontent.com/PokeAPI/sprites/master/sprites/pokemon/823.png
Cosmog,https://raw.githubusercontent.com/PokeAPI/sprites/master/sprites/pokemon/789.png
Cottonee,https://raw.githubusercontent.com/PokeAPI/sprites/master/sprites/pokemon/546.png
Crabominable,https://raw.githubusercontent.com/PokeAPI/sprites/master/sprites/pokemon/740.png
Crabrawler,https://raw.githubusercontent.com/PokeAPI/sprites/master/sprites/pokemon/739.png
Cramorant,https://raw.githubusercontent.com/PokeAPI/sprites/master/sprites/pokemon/845.png
Cranidos,https://raw.githubusercontent.com/PokeAPI/sprites/master/sprites/pokemon/408.png
Crawdaunt,https://raw.githubusercontent.com/PokeAPI/sprites/master/sprites/pokemon/342.png
Cresselia,https://raw.githubusercontent.com/PokeAPI/sprites/master/sprites/pokemon/488.png
Croagunk,https://raw.githubusercontent.com/PokeAPI/sprites/master/sprites/pokemon/453.png
Crustle,https://raw.githubusercontent.com/PokeAPI/sprites/master/sprites/pokemon/558.png
Cryogonal,https://raw.githubusercontent.com/PokeAPI/sprites/master/sprites/pokemon/615.png
Cubchoo,https://raw.githubusercontent.com/PokeAPI/sprites/master/sprites/pokemon/613.png
Cubone,https://raw.githubusercontent.com/PokeAPI/sprites/master/sprites/pokemon/104.png
Cufant,https://raw.githubusercontent.com/PokeAPI/sprites/master/sprites/pokemon/878.png
Cursola,https://raw.githubusercontent.com/PokeAPI/sprites/master/sprites/pokemon/864.png
Cutiefly,https://raw.githubusercontent.com/PokeAPI/sprites/master/sprites/pokemon/742.png
Cyclizar,https://raw.githubusercontent.com/PokeAPI/sprites/master/sprites/pokemon/967.png
Cyndaquil,https://raw.githubusercontent.com/PokeAPI/sprites/master/sprites/pokemon/155.png
Darmanitan,https://raw.githubusercontent.com/PokeAPI/sprites/master/sprites/pokemon/555.png
Darmanitan-Galar,https://raw.githubusercontent.com/PokeAPI/sprites/master/sprites/pokemon/10177.png
Darumaka,https://raw.githubusercontent.com/PokeAPI/sprites/master/sprites/pokemon/554.png
Decidueye-Hisui,https://raw.githubusercontent.com/PokeAPI/sprites/master/sprites/pokemon/10244.png
Dedenne,https://raw.githubusercontent.com/PokeAPI/sprites/master/sprites/pokemon/702.png
Deerling,https://raw.githubusercontent.com/PokeAPI/sprites/master/sprites/pokemon/585.png
Deino,https://raw.githubusercontent.com/PokeAPI/sprites/master/sprites/pokemon/633.png
Delibird,https://raw.githubusercontent.com/PokeAPI/sprites/master/sprites/pokemon/225.png
Dewgong,https://raw.githubusercontent.com/PokeAPI/sprites/master/sprites/pokemon/87.png
Dewpider,https://raw.githubusercontent.com/PokeAPI/sprites/master/sprites/pokemon/751.png
Dhelmise,https://raw.githubusercontent.com/PokeAPI/sprites/master/sprites/pokemon/781.png
Dhelmise-Sevii,https://raw.githubusercontent.com/izrofid/rrsprites/refs/heads/master/sprites/dhelmise-sevii.png
Diancie,https://raw.githubusercontent.com/PokeAPI/sprites/master/sprites/pokemon/719.png
Diglett,https://raw.githubusercontent.com/PokeAPI/sprites/master/sprites/pokemon/50.png
Diglett-Alola,https://raw.githubusercontent.com/PokeAPI/sprites/master/sprites/pokemon/10105.png
Ditto,https://raw.githubusercontent.com/PokeAPI/sprites/master/sprites/pokemon/132.png
Dodrio-Sevii,https://raw.githubusercontent.com/izrofid/rrsprites/refs/heads/master/sprites/dodrio-sevii.png
Doduo,https://raw.githubusercontent.com/PokeAPI/sprites/master/sprites/pokemon/84.png
Doduo-Sevii,https://raw.githubusercontent.com/izrofid/rrsprites/refs/heads/master/sprites/doduo-sevii.png
Dondozo,https://raw.githubusercontent.com/PokeAPI/sprites/master/sprites/pokemon/977.png
Dracovish,https://raw.githubusercontent.com/PokeAPI/sprites/master/sprites/pokemon/882.png
Dracozolt,https://raw.githubusercontent.com/PokeAPI/sprites/master/sprites/pokemon/880.png
Dragalge,https://raw.githubusercontent.com/PokeAPI/sprites/master/sprites/pokemon/691.png
Dragapult,https://raw.githubusercontent.com/PokeAPI/sprites/master/sprites/pokemon/887.png
Dragonite,https://raw.githubusercontent.com/PokeAPI/sprites/master/sprites/pokemon/149.png
Drampa,https://raw.githubusercontent.com/PokeAPI/sprites/master/sprites/pokemon/780.png
Dratini,https://raw.githubusercontent.com/PokeAPI/sprites/master/sprites/pokemon/147.png
Drednaw,https://raw.githubusercontent.com/PokeAPI/sprites/master/sprites/pokemon/834.png
Dreepy,https://raw.githubusercontent.com/PokeAPI/sprites/master/sprites/pokemon/885.png
Drifloon,https://raw.githubusercontent.com/PokeAPI/sprites/master/sprites/pokemon/425.png
Drilbur,https://raw.githubusercontent.com/PokeAPI/sprites/master/sprites/pokemon/529.png
Drowzee,https://raw.githubusercontent.com/PokeAPI/sprites/master/sprites/pokemon/96.png
Druddigon,https://raw.githubusercontent.com/PokeAPI/sprites/master/sprites/pokemon/621.png
Ducklett,https://raw.githubusercontent.com/PokeAPI/sprites/master/sprites/pokemon/580.png
Dugtrio,https://raw.githubusercontent.com/PokeAPI/sprites/master/sprites/pokemon/51.png
Dugtrio-Alola,https://raw.githubusercontent.com/PokeAPI/sprites/master/sprites/pokemon/10106.png
Dunsparce,https://raw.githubusercontent.com/PokeAPI/sprites/master/sprites/pokemon/206.png
Duraludon,https://raw.githubusercontent.com/PokeAPI/sprites/master/sprites/pokemon/884.png
Durant,https://raw.githubusercontent.com/PokeAPI/sprites/master/sprites/pokemon/632.png
Dusclops,https://raw.githubusercontent.com/PokeAPI/sprites/master/sprites/pokemon/356.png
Dwebble,https://raw.githubusercontent.com/PokeAPI/sprites/master/sprites/pokemon/557.png
Eelektross,https://raw.githubusercontent.com/PokeAPI/sprites/master/sprites/pokemon/604.png
Eevee,https://raw.githubusercontent.com/PokeAPI/sprites/master/sprites/pokemon/133.png
Eiscue,https://raw.githubusercontent.com/PokeAPI/sprites/master/sprites/pokemon/875.png
Ekans,https://raw.githubusercontent.com/PokeAPI/sprites/master/sprites/pokemon/23.png
Electabuzz,https://raw.githubusercontent.com/PokeAPI/sprites/master/sprites/pokemon/125.png
Electrike,https://raw.githubusercontent.com/PokeAPI/sprites/master/sprites/pokemon/309.png
Electrode,https://raw.githubusercontent.com/PokeAPI/sprites/master/sprites/pokemon/101.png
Electrode-Hisui,https://raw.githubusercontent.com/PokeAPI/sprites/master/sprites/pokemon/10232.png
Elekid,https://raw.githubusercontent.com/PokeAPI/sprites/master/sprites/pokemon/239.png
Elgyem,https://raw.githubusercontent.com/PokeAPI/sprites/master/sprites/pokemon/605.png
Emolga,https://raw.githubusercontent.com/PokeAPI/sprites/master/sprites/pokemon/587.png
Entei,https://raw.githubusercontent.com/PokeAPI/sprites/master/sprites/pokemon/244.png
Escavalier,https://raw.githubusercontent.com/PokeAPI/sprites/master/sprites/pokemon/589.png
Espurr,https://raw.githubusercontent.com/PokeAPI/sprites/master/sprites/pokemon/677.png
Excadrill,https://raw.githubusercontent.com/PokeAPI/sprites/master/sprites/pokemon/530.png
Exeggcute,https://raw.githubusercontent.com/PokeAPI/sprites/master/sprites/pokemon/102.png
Exeggutor,https://raw.githubusercontent.com/PokeAPI/sprites/master/sprites/pokemon/103.png
Exeggutor-Alola,https://raw.githubusercontent.com/PokeAPI/sprites/master/sprites/pokemon/10114.png
Exploud,https://raw.githubusercontent.com/PokeAPI/sprites/master/sprites/pokemon/295.png
Falinks,https://raw.githubusercontent.com/PokeAPI/sprites/master/sprites/pokemon/870.png
Farfetch’d,https://raw.githubusercontent.com/PokeAPI/sprites/master/sprites/pokemon/83.png
Farfetch’d-Galar,https://raw.githubusercontent.com/PokeAPI/sprites/master/sprites/pokemon/10166.png
Fearow,https://raw.githubusercontent.com/PokeAPI/sprites/master/sprites/pokemon/22.png
Feebas,https://raw.githubusercontent.com/PokeAPI/sprites/master/sprites/pokemon/349.png
Feebas-Sevii,
Fennekin,https://raw.githubusercontent.com/PokeAPI/sprites/master/sprites/pokemon/653.png
Ferroseed,https://raw.githubusercontent.com/PokeAPI/sprites/master/sprites/pokemon/597.png
Ferrothorn,https://raw.githubusercontent.com/PokeAPI/sprites/master/sprites/pokemon/598.png
Fidough,https://raw.githubusercontent.com/PokeAPI/sprites/master/sprites/pokemon/926.png
Finneon,https://raw.githubusercontent.com/PokeAPI/sprites/master/sprites/pokemon/456.png
Flabébé,https://raw.githubusercontent.com/PokeAPI/sprites/master/sprites/pokemon/669.png
Flamigo,https://raw.githubusercontent.com/PokeAPI/sprites/master/sprites/pokemon/973.png
Fletchling,https://raw.githubusercontent.com/PokeAPI/sprites/master/sprites/pokemon/661.png
Flittle,https://raw.githubusercontent.com/PokeAPI/sprites/master/sprites/pokemon/955.png
Floatzel,https://raw.githubusercontent.com/PokeAPI/sprites/master/sprites/pokemon/419.png
Floette-Eternal,https://raw.githubusercontent.com/PokeAPI/sprites/master/sprites/pokemon/10061.png
Flutter Mane,https://raw.githubusercontent.com/PokeAPI/sprites/master/sprites/pokemon/987.png
Flygon,https://raw.githubusercontent.com/PokeAPI/sprites/master/sprites/pokemon/330.png
Fomantis,https://raw.githubusercontent.com/PokeAPI/sprites/master/sprites/pokemon/753.png
Foongus,https://raw.githubusercontent.com/PokeAPI/sprites/master/sprites/pokemon/590.png
Forretress,https://raw.githubusercontent.com/PokeAPI/sprites/master/sprites/pokemon/205.png
Frigibax,https://raw.githubusercontent.com/PokeAPI/sprites/master/sprites/pokemon/996.png
Frillish,https://raw.githubusercontent.com/PokeAPI/sprites/master/sprites/pokemon/592.png
Froakie,https://raw.githubusercontent.com/PokeAPI/sprites/master/sprites/pokemon/656.png
Froslass,https://raw.githubusercontent.com/PokeAPI/sprites/master/sprites/pokemon/478.png
Frosmoth,https://raw.githubusercontent.com/PokeAPI/sprites/master/sprites/pokemon/873.png
Fuecoco,https://raw.githubusercontent.com/PokeAPI/sprites/master/sprites/pokemon/909.png
Furfrou,https://raw.githubusercontent.com/PokeAPI/sprites/master/sprites/pokemon/676.png
Galvantula,https://raw.githubusercontent.com/PokeAPI/sprites/master/sprites/pokemon/596.png
Garbodor,https://raw.githubusercontent.com/PokeAPI/sprites/master/sprites/pokemon/569.png
Garchomp,https://raw.githubusercontent.com/PokeAPI/sprites/master/sprites/pokemon/445.png
Gardevoir,https://raw.githubusercontent.com/PokeAPI/sprites/master/sprites/pokemon/282.png
Gastly,https://raw.githubusercontent.com/PokeAPI/sprites/master/sprites/pokemon/92.png
Genesect,https://raw.githubusercontent.com/PokeAPI/sprites/master/sprites/pokemon/649.png
Geodude,https://raw.githubusercontent.com/PokeAPI/sprites/master/sprites/pokemon/74.png
Geodude-Alola,https://raw.githubusercontent.com/PokeAPI/sprites/master/sprites/pokemon/10109.png
Gible,https://raw.githubusercontent.com/PokeAPI/sprites/master/sprites/pokemon/443.png
Gimmighoul,https://raw.githubusercontent.com/PokeAPI/sprites/master/sprites/pokemon/999.png
Girafarig,https://raw.githubusercontent.com/PokeAPI/sprites/master/sprites/pokemon/203.png
Glalie,https://raw.githubusercontent.com/PokeAPI/sprites/master/sprites/pokemon/362.png
Glameow,https://raw.githubusercontent.com/PokeAPI/sprites/master/sprites/pokemon/431.png
Glastrier,https://raw.githubusercontent.com/PokeAPI/sprites/master/sprites/pokemon/896.png
Gligar,https://raw.githubusercontent.com/PokeAPI/sprites/master/sprites/pokemon/207.png
Glimmet,https://raw.githubusercontent.com/PokeAPI/sprites/master/sprites/pokemon/969.png
Gliscor,https://raw.githubusercontent.com/PokeAPI/sprites/master/sprites/pokemon/472.png
Golbat,https://raw.githubusercontent.com/PokeAPI/sprites/master/sprites/pokemon/42.png
Goldeen,https://raw.githubusercontent.com/PokeAPI/sprites/master/sprites/pokemon/118.png
Golduck,https://raw.githubusercontent.com/PokeAPI/sprites/master/sprites/pokemon/55.png
Golem,https://raw.githubusercontent.com/PokeAPI/sprites/master/sprites/pokemon/76.png
Golem-Alola,https://raw.githubusercontent.com/PokeAPI/sprites/master/sprites/pokemon/10111.png
Golett,https://raw.githubusercontent.com/PokeAPI/sprites/master/sprites/pokemon/622.png
Golisopod,https://raw.githubusercontent.com/PokeAPI/sprites/master/sprites/pokemon/768.png
Golurk,https://raw.githubusercontent.com/PokeAPI/sprites/master/sprites/pokemon/623.png
Goodra,https://raw.githubusercontent.com/PokeAPI/sprites/master/sprites/pokemon/706.png
Goodra-Hisui,https://raw.githubusercontent.com/PokeAPI/sprites/master/sprites/pokemon/10242.png
Goomy,https://raw.githubusercontent.com/PokeAPI/sprites/master/sprites/pokemon/704.png
Gorebyss,https://raw.githubusercontent.com/PokeAPI/sprites/master/sprites/pokemon/368.png
Gossifleur,https://raw.githubusercontent.com/PokeAPI/sprites/master/sprites/pokemon/829.png
Gothita,https://raw.githubusercontent.com/PokeAPI/sprites/master/sprites/pokemon/574.png
Gourgeist,https://raw.githubusercontent.com/PokeAPI/sprites/master/sprites/pokemon/711.png
Granbull,https://raw.githubusercontent.com/PokeAPI/sprites/master/sprites/pokemon/210.png
Grapploct,https://raw.githubusercontent.com/PokeAPI/sprites/master/sprites/pokemon/853.png
Graveler,https://raw.githubusercontent.com/PokeAPI/sprites/master/sprites/pokemon/75.png
Graveler-Alola,https://raw.githubusercontent.com/PokeAPI/sprites/master/sprites/pokemon/10110.png
Great Tusk,https://raw.githubusercontent.com/PokeAPI/sprites/master/sprites/pokemon/984.png
Greavard,https://raw.githubusercontent.com/PokeAPI/sprites/master/sprites/pokemon/971.png
Grimer,https://raw.githubusercontent.com/PokeAPI/sprites/master/sprites/pokemon/88.png
Grimer-Alola,https://raw.githubusercontent.com/PokeAPI/sprites/master/sprites/pokemon/10112.png
Grimmsnarl,https://raw.githubusercontent.com/PokeAPI/sprites/master/sprites/pokemon/861.png
Grookey,https://raw.githubusercontent.com/PokeAPI/sprites/master/sprites/pokemon/810.png
Growlithe,https://raw.githubusercontent.com/PokeAPI/sprites/master/sprites/pokemon/58.png
Growlithe-Hisui,https://raw.githubusercontent.com/PokeAPI/sprites/master/sprites/pokemon/10229.png
Grubbin,https://raw.githubusercontent.com/PokeAPI/sprites/master/sprites/pokemon/736.png
Grumpig,https://raw.githubusercontent.com/PokeAPI/sprites/master/sprites/pokemon/326.png
Gulpin,https://raw.githubusercontent.com/PokeAPI/sprites/master/sprites/pokemon/316.png
Gumshoos,https://raw.githubusercontent.com/PokeAPI/sprites/master/sprites/pokemon/735.png
Guzzlord,https://raw.githubusercontent.com/PokeAPI/sprites/master/sprites/pokemon/799.png
Gyarados,https://raw.githubusercontent.com/PokeAPI/sprites/master/sprites/pokemon/130.png
Hatenna,https://raw.githubusercontent.com/PokeAPI/sprites/master/sprites/pokemon/856.png
Hatterene,https://raw.githubusercontent.com/PokeAPI/sprites/master/sprites/pokemon/858.png
Haunter,https://raw.githubusercontent.com/PokeAPI/sprites/master/sprites/pokemon/93.png
Hawlucha,https://raw.githubusercontent.com/PokeAPI/sprites/master/sprites/pokemon/701.png
Heatmor,https://raw.githubusercontent.com/PokeAPI/sprites/master/sprites/pokemon/631.png
Heliolisk,https://raw.githubusercontent.com/PokeAPI/sprites/master/sprites/pokemon/695.png
Helioptile,https://raw.githubusercontent.com/PokeAPI/sprites/master/sprites/pokemon/694.png
Heracross,https://raw.githubusercontent.com/PokeAPI/sprites/master/sprites/pokemon/214.png
Hippopotas,https://raw.githubusercontent.com/PokeAPI/sprites/master/sprites/pokemon/449.png
Hippowdon,https://raw.githubusercontent.com/PokeAPI/sprites/master/sprites/pokemon/450.png
Honedge,https://raw.githubusercontent.com/PokeAPI/sprites/master/sprites/pokemon/679.png
Hoopa,https://raw.githubusercontent.com/PokeAPI/sprites/master/sprites/pokemon/720.png
Hoothoot,https://raw.githubusercontent.com/PokeAPI/sprites/master/sprites/pokemon/163.png
Hoppip,https://raw.githubusercontent.com/PokeAPI/sprites/master/sprites/pokemon/187.png
Horsea,https://raw.githubusercontent.com/PokeAPI/sprites/master/sprites/pokemon/116.png
Houndoom,https://raw.githubusercontent.com/PokeAPI/sprites/master/sprites/pokemon/229.png
Houndour,https://raw.githubusercontent.com/PokeAPI/sprites/master/sprites/pokemon/228.png
Houndstone,https://raw.githubusercontent.com/PokeAPI/sprites/master/sprites/pokemon/972.png
Huntail,https://raw.githubusercontent.com/PokeAPI/sprites/master/sprites/pokemon/367.png
Illumise,https://raw.githubusercontent.com/PokeAPI/sprites/master/sprites/pokemon/314.png
Impidimp,https://raw.githubusercontent.com/PokeAPI/sprites/master/sprites/pokemon/859.png
Indeedee,https://raw.githubusercontent.com/PokeAPI/sprites/master/sprites/pokemon/876.png
Indeedee-F,https://raw.githubusercontent.com/PokeAPI/sprites/master/sprites/pokemon/876.png
Inkay,https://raw.githubusercontent.com/PokeAPI/sprites/master/sprites/pokemon/686.png
Iron Boulder,https://raw.githubusercontent.com/PokeAPI/sprites/master/sprites/pokemon/1022.png
Iron Bundle,https://raw.githubusercontent.com/PokeAPI/sprites/master/sprites/pokemon/991.png
Iron Crown,https://raw.githubusercontent.com/PokeAPI/sprites/master/sprites/pokemon/1023.png
Iron Hands,https://raw.githubusercontent.com/PokeAPI/sprites/master/sprites/pokemon/992.png
Iron Jugulis,https://raw.githubusercontent.com/PokeAPI/sprites/master/sprites/pokemon/993.png
Iron Leaves,https://raw.githubusercontent.com/PokeAPI/sprites/master/sprites/pokemon/1010.png
Iron Moth,https://raw.githubusercontent.com/PokeAPI/sprites/master/sprites/pokemon/994.png
Iron Thorns,https://raw.githubusercontent.com/PokeAPI/sprites/master/sprites/pokemon/995.png
Iron Treads,https://raw.githubusercontent.com/PokeAPI/sprites/master/sprites/pokemon/990.png
Iron Valiant,https://raw.githubusercontent.com/PokeAPI/sprites/master/sprites/pokemon/1006.png
Jangmo-o,https://raw.githubusercontent.com/PokeAPI/sprites/master/sprites/pokemon/782.png
Jellicent,https://raw.githubusercontent.com/PokeAPI/sprites/master/sprites/pokemon/593.png
Jigglypuff,https://raw.githubusercontent.com/PokeAPI/sprites/master/sprites/pokemon/39.png
Jirachi,https://raw.githubusercontent.com/PokeAPI/sprites/master/sprites/pokemon/385.png
Joltik,https://raw.githubusercontent.com/PokeAPI/sprites/master/sprites/pokemon/595.png
Jumpluff,https://raw.githubusercontent.com/PokeAPI/sprites/master/sprites/pokemon/189.png
Jynx,https://raw.githubusercontent.com/PokeAPI/sprites/master/sprites/pokemon/124.png
Kabuto,https://raw.githubusercontent.com/PokeAPI/sprites/master/sprites/pokemon/140.png
Kabutops,https://raw.githubusercontent.com/PokeAPI/sprites/master/sprites/pokemon/141.png
Kangaskhan,https://raw.githubusercontent.com/PokeAPI/sprites/master/sprites/pokemon/115.png
Karrablast,https://raw.githubusercontent.com/PokeAPI/sprites/master/sprites/pokemon/588.png
Kartana,https://raw.githubusercontent.com/PokeAPI/sprites/master/sprites/pokemon/798.png
Kecleon,https://raw.githubusercontent.com/PokeAPI/sprites/master/sprites/pokemon/352.png
Kingler,https://raw.githubusercontent.com/PokeAPI/sprites/master/sprites/pokemon/99.png
Klawf,https://raw.githubusercontent.com/PokeAPI/sprites/master/sprites/pokemon/950.png
Kleavor,https://raw.githubusercontent.com/PokeAPI/sprites/master/sprites/pokemon/900.png
Klefki,https://raw.githubusercontent.com/PokeAPI/sprites/master/sprites/pokemon/707.png
Klink,https://raw.githubusercontent.com/PokeAPI/sprites/master/sprites/pokemon/599.png
Koffing,https://raw.githubusercontent.com/PokeAPI/sprites/master/sprites/pokemon/109.png
Komala,https://raw.githubusercontent.com/PokeAPI/sprites/master/sprites/pokemon/775.png
Kommo-o,https://raw.githubusercontent.com/PokeAPI/sprites/master/sprites/pokemon/784.png
Krabby,https://raw.githubusercontent.com/PokeAPI/sprites/master/sprites/pokemon/98.png
Kricketot,https://raw.githubusercontent.com/PokeAPI/sprites/master/sprites/pokemon/401.png
Krookodile,https://raw.githubusercontent.com/PokeAPI/sprites/master/sprites/pokemon/553.png
Kubfu,https://raw.githubusercontent.com/PokeAPI/sprites/master/sprites/pokemon/891.png
Kyurem,https://raw.githubusercontent.com/PokeAPI/sprites/master/sprites/pokemon/646.png
Lampent,https://raw.githubusercontent.com/PokeAPI/sprites/master/sprites/pokemon/608.png
Lanturn,https://raw.githubusercontent.com/PokeAPI/sprites/master/sprites/pokemon/171.png
Lapras,https://raw.githubusercontent.com/PokeAPI/sprites/master/sprites/pokemon/131.png
Larvesta,https://raw.githubusercontent.com/PokeAPI/sprites/master/sprites/pokemon/636.png
Larvitar,https://raw.githubusercontent.com/PokeAPI/sprites/master/sprites/pokemon/246.png
Lechonk,https://raw.githubusercontent.com/PokeAPI/sprites/master/sprites/pokemon/915.png
Ledyba,https://raw.githubusercontent.com/PokeAPI/sprites/master/sprites/pokemon/165.png
Lickitung,https://raw.githubusercontent.com/PokeAPI/sprites/master/sprites/pokemon/108.png
Liepard,https://raw.githubusercontent.com/PokeAPI/sprites/master/sprites/pokemon/510.png
Lileep,https://raw.githubusercontent.com/PokeAPI/sprites/master/sprites/pokemon/345.png
Lilligant,https://raw.githubusercontent.com/PokeAPI/sprites/master/sprites/pokemon/549.png
Lilligant-Hisui,https://raw.githubusercontent.com/PokeAPI/sprites/master/sprites/pokemon/10237.png
Lillipup,https://raw.githubusercontent.com/PokeAPI/sprites/master/sprites/pokemon/506.png
Litleo,https://raw.githubusercontent.com/PokeAPI/sprites/master/sprites/pokemon/667.png
Litten,https://raw.githubusercontent.com/PokeAPI/sprites/master/sprites/pokemon/725.png
Lopunny,https://raw.githubusercontent.com/PokeAPI/sprites/master/sprites/pokemon/428.png
Lotad,https://raw.githubusercontent.com/PokeAPI/sprites/master/sprites/pokemon/270.png
Lucario,https://raw.githubusercontent.com/PokeAPI/sprites/master/sprites/pokemon/448.png
Lumineon,https://raw.githubusercontent.com/PokeAPI/sprites/master/sprites/pokemon/457.png
Lunatone,https://raw.githubusercontent.com/PokeAPI/sprites/master/sprites/pokemon/337.png
Lurantis,https://raw.githubusercontent.com/PokeAPI/sprites/master/sprites/pokemon/754.png
Luvdisc,https://raw.githubusercontent.com/PokeAPI/sprites/master/sprites/pokemon/370.png
Machamp,https://raw.githubusercontent.com/PokeAPI/sprites/master/sprites/pokemon/68.png
Machop,https://raw.githubusercontent.com/PokeAPI/sprites/master/sprites/pokemon/66.png
Magby,https://raw.githubusercontent.com/PokeAPI/sprites/master/sprites/pokemon/240.png
Magcargo,https://raw.githubusercontent.com/PokeAPI/sprites/master/sprites/pokemon/219.png
Magikarp,https://raw.githubusercontent.com/PokeAPI/sprites/master/sprites/pokemon/129.png
Magmar,https://raw.githubusercontent.com/PokeAPI/sprites/master/sprites/pokemon/126.png
Magnemite,https://raw.githubusercontent.com/PokeAPI/sprites/master/sprites/pokemon/81.png
Magneton,https://raw.githubusercontent.com/PokeAPI/sprites/master/sprites/pokemon/82.png
Makuhita,https://raw.githubusercontent.com/PokeAPI/sprites/master/sprites/pokemon/296.png
Manaphy,https://raw.githubusercontent.com/PokeAPI/sprites/master/sprites/pokemon/490.png
Manectric,https://raw.githubusercontent.com/PokeAPI/sprites/master/sprites/pokemon/310.png
Mankey,https://raw.githubusercontent.com/PokeAPI/sprites/master/sprites/pokemon/56.png
Mantine,https://raw.githubusercontent.com/PokeAPI/sprites/master/sprites/pokemon/226.png
Mantine-Sevii,https://raw.githubusercontent.com/izrofid/rrsprites/refs/heads/master/sprites/mantine-sevii.png
Mantyke,https://raw.githubusercontent.com/PokeAPI/sprites/master/sprites/pokemon/458.png
Mantyke-Sevii,https://raw.githubusercontent.com/izrofid/rrsprites/refs/heads/master/sprites/mantyke-sevii.png
Maractus,https://raw.githubusercontent.com/PokeAPI/sprites/master/sprites/pokemon/556.png
Mareanie,https://raw.githubusercontent.com/PokeAPI/sprites/master/sprites/pokemon/747.png
Mareep,https://raw.githubusercontent.com/PokeAPI/sprites/master/sprites/pokemon/179.png
Marill,https://raw.githubusercontent.com/PokeAPI/sprites/master/sprites/pokemon/183.png
Marowak,https://raw.githubusercontent.com/PokeAPI/sprites/master/sprites/pokemon/105.png
Marowak-Alola,https://raw.githubusercontent.com/PokeAPI/sprites/master/sprites/pokemon/10115.png
Maschiff,https://raw.githubusercontent.com/PokeAPI/sprites/master/sprites/pokemon/942.png
Masquerain,https://raw.githubusercontent.com/PokeAPI/sprites/master/sprites/pokemon/284.png
Mawile,https://raw.githubusercontent.com/PokeAPI/sprites/master/sprites/pokemon/303.png
Medicham,https://raw.githubusercontent.com/PokeAPI/sprites/master/sprites/pokemon/308.png
Meditite,https://raw.githubusercontent.com/PokeAPI/sprites/master/sprites/pokemon/307.png
Meloetta,https://raw.githubusercontent.com/PokeAPI/sprites/master/sprites/pokemon/648.png
Meltan,https://raw.githubusercontent.com/PokeAPI/sprites/master/sprites/pokemon/808.png
Meowth,https://raw.githubusercontent.com/PokeAPI/sprites/master/sprites/pokemon/52.png
Meowth-Alola,https://raw.githubusercontent.com/PokeAPI/sprites/master/sprites/pokemon/10107.png
Meowth-Galar,https://raw.githubusercontent.com/PokeAPI/sprites/master/sprites/pokemon/10161.png
Mesprit,https://raw.githubusercontent.com/PokeAPI/sprites/master/sprites/pokemon/481.png
Metagross,https://raw.githubusercontent.com/PokeAPI/sprites/master/sprites/pokemon/376.png
Mew,https://raw.githubusercontent.com/PokeAPI/sprites/master/sprites/pokemon/151.png
Mienfoo,https://raw.githubusercontent.com/PokeAPI/sprites/master/sprites/pokemon/619.png
Mightyena,https://raw.githubusercontent.com/PokeAPI/sprites/master/sprites/pokemon/262.png
Milcery,https://raw.githubusercontent.com/PokeAPI/sprites/master/sprites/pokemon/868.png
Milotic,https://raw.githubusercontent.com/PokeAPI/sprites/master/sprites/pokemon/350.png
Milotic-Sevii,https://raw.githubusercontent.com/izrofid/rrsprites/refs/heads/master/sprites/milotic-sevii.png
Miltank,https://raw.githubusercontent.com/PokeAPI/sprites/master/sprites/pokemon/241.png
Mime Jr.,https://img.pokemondb.net/sprites/ultra-sun-ultra-moon/normal/1x/mime-jr.png
Mimikyu,https://raw.githubusercontent.com/PokeAPI/sprites/master/sprites/pokemon/778.png
Minccino,https://raw.githubusercontent.com/PokeAPI/sprites/master/sprites/pokemon/572.png
Minior-Meteor,https://raw.githubusercontent.com/PokeAPI/sprites/master/sprites/pokemon/774.png
Minun,https://raw.githubusercontent.com/PokeAPI/sprites/master/sprites/pokemon/312.png
Misdreavus,https://raw.githubusercontent.com/PokeAPI/sprites/master/sprites/pokemon/200.png
Mismagius,https://raw.githubusercontent.com/PokeAPI/sprites/master/sprites/pokemon/429.png
Morelull,https://raw.githubusercontent.com/PokeAPI/sprites/master/sprites/pokemon/755.png
Morgrem,https://raw.githubusercontent.com/PokeAPI/sprites/master/sprites/pokemon/860.png
Morpeko,https://raw.githubusercontent.com/PokeAPI/sprites/master/sprites/pokemon/877.png
Mr. Mime-Galar,https://img.pokemondb.net/sprites/go/normal/1x/mr-mime-galarian.png
Mudbray,https://raw.githubusercontent.com/PokeAPI/sprites/master/sprites/pokemon/749.png
Mudkip,https://raw.githubusercontent.com/PokeAPI/sprites/master/sprites/pokemon/258.png
Muk,https://raw.githubusercontent.com/PokeAPI/sprites/master/sprites/pokemon/89.png
Muk-Alola,https://raw.githubusercontent.com/PokeAPI/sprites/master/sprites/pokemon/10113.png
Munna,https://raw.githubusercontent.com/PokeAPI/sprites/master/sprites/pokemon/517.png
Murkrow,https://raw.githubusercontent.com/PokeAPI/sprites/master/sprites/pokemon/198.png
Nacli,https://raw.githubusercontent.com/PokeAPI/sprites/master/sprites/pokemon/932.png
Natu,https://raw.githubusercontent.com/PokeAPI/sprites/master/sprites/pokemon/177.png
Necrozma,https://raw.githubusercontent.com/PokeAPI/sprites/master/sprites/pokemon/800.png
Nickit,https://raw.githubusercontent.com/PokeAPI/sprites/master/sprites/pokemon/827.png
Nidoran-F,https://raw.githubusercontent.com/PokeAPI/sprites/master/sprites/pokemon/29.png
Nidoran-M,https://raw.githubusercontent.com/PokeAPI/sprites/master/sprites/pokemon/32.png
Nihilego,https://raw.githubusercontent.com/PokeAPI/sprites/master/sprites/pokemon/793.png
Nincada,https://raw.githubusercontent.com/PokeAPI/sprites/master/sprites/pokemon/290.png
Ninetales,https://raw.githubusercontent.com/PokeAPI/sprites/master/sprites/pokemon/38.png
Ninetales-Alola,https://raw.githubusercontent.com/PokeAPI/sprites/master/sprites/pokemon/10104.png
Noctowl,https://raw.githubusercontent.com/PokeAPI/sprites/master/sprites/pokemon/164.png
Noibat,https://raw.githubusercontent.com/PokeAPI/sprites/master/sprites/pokemon/714.png
Noibat-Sevii,https://raw.githubusercontent.com/izrofid/rrsprites/refs/heads/master/sprites/noibat-sevii.png
Noivern,https://raw.githubusercontent.com/PokeAPI/sprites/master/sprites/pokemon/715.png
Nosepass,https://raw.githubusercontent.com/PokeAPI/sprites/master/sprites/pokemon/299.png
Numel,https://raw.githubusercontent.com/PokeAPI/sprites/master/sprites/pokemon/322.png
Nymble,https://raw.githubusercontent.com/PokeAPI/sprites/master/sprites/pokemon/919.png
Nymble-Sevii,https://raw.githubusercontent.com/izrofid/rrsprites/refs/heads/master/sprites/nymble-sevii.png
Obstagoon,https://raw.githubusercontent.com/PokeAPI/sprites/master/sprites/pokemon/862.png
Octillery,https://raw.githubusercontent.com/PokeAPI/sprites/master/sprites/pokemon/224.png
Oddish,https://raw.githubusercontent.com/PokeAPI/sprites/master/sprites/pokemon/43.png
Ogerpon,https://raw.githubusercontent.com/PokeAPI/sprites/master/sprites/pokemon/1017.png
Omanyte,https://raw.githubusercontent.com/PokeAPI/sprites/master/sprites/pokemon/138.png
Omastar,https://raw.githubusercontent.com/PokeAPI/sprites/master/sprites/pokemon/139.png
Onix,https://raw.githubusercontent.com/PokeAPI/sprites/master/sprites/pokemon/95.png
Oranguru,https://raw.githubusercontent.com/PokeAPI/sprites/master/sprites/pokemon/765.png
Oricorio,https://raw.githubusercontent.com/PokeAPI/sprites/master/sprites/pokemon/741.png
Orthworm,https://raw.githubusercontent.com/PokeAPI/sprites/master/sprites/pokemon/968.png
Oshawott,https://raw.githubusercontent.com/PokeAPI/sprites/master/sprites/pokemon/501.png
Pachirisu,https://raw.githubusercontent.com/PokeAPI/sprites/master/sprites/pokemon/417.png
Palafin,https://raw.githubusercontent.com/PokeAPI/sprites/master/sprites/pokemon/10256.png
Palossand,https://raw.githubusercontent.com/PokeAPI/sprites/master/sprites/pokemon/770.png
Pancham,https://raw.githubusercontent.com/PokeAPI/sprites/master/sprites/pokemon/674.png
Pangoro,https://raw.githubusercontent.com/PokeAPI/sprites/master/sprites/pokemon/675.png
Panpour,https://raw.githubusercontent.com/PokeAPI/sprites/master/sprites/pokemon/515.png
Pansage,https://raw.githubusercontent.com/PokeAPI/sprites/master/sprites/pokemon/511.png
Pansear,https://raw.githubusercontent.com/PokeAPI/sprites/master/sprites/pokemon/513.png
Paras,https://raw.githubusercontent.com/PokeAPI/sprites/master/sprites/pokemon/46.png
Parasect,https://raw.githubusercontent.com/PokeAPI/sprites/master/sprites/pokemon/47.png
Passimian,https://raw.githubusercontent.com/PokeAPI/sprites/master/sprites/pokemon/766.png
Patrat,https://raw.githubusercontent.com/PokeAPI/sprites/master/sprites/pokemon/504.png
Pawmi,https://raw.githubusercontent.com/PokeAPI/sprites/master/sprites/pokemon/921.png
Pawniard,https://raw.githubusercontent.com/PokeAPI/sprites/master/sprites/pokemon/624.png
Pecharunt,https://raw.githubusercontent.com/PokeAPI/sprites/master/sprites/pokemon/1025.png
Pelipper,https://raw.githubusercontent.com/PokeAPI/sprites/master/sprites/pokemon/279.png
Persian-Alola,https://raw.githubusercontent.com/PokeAPI/sprites/master/sprites/pokemon/10108.png
Petilil,https://raw.githubusercontent.com/PokeAPI/sprites/master/sprites/pokemon/548.png
Phanpy,https://raw.githubusercontent.com/PokeAPI/sprites/master/sprites/pokemon/231.png
Phantump,https://raw.githubusercontent.com/PokeAPI/sprites/master/sprites/pokemon/708.png
Pheromosa,https://raw.githubusercontent.com/PokeAPI/sprites/master/sprites/pokemon/795.png
Pidgey,https://raw.githubusercontent.com/PokeAPI/sprites/master/sprites/pokemon/16.png
Pidove,https://raw.githubusercontent.com/PokeAPI/sprites/master/sprites/pokemon/519.png
Pikachu,https://raw.githubusercontent.com/PokeAPI/sprites/master/sprites/pokemon/25.png
Pikachu-Belle,https://raw.githubusercontent.com/PokeAPI/sprites/master/sprites/pokemon/10081.png
Pikachu-Flying,https://raw.githubusercontent.com/izrofid/rrsprites/refs/heads/master/sprites/pikachu-flying.png
Pikachu-Libre,https://raw.githubusercontent.com/PokeAPI/sprites/master/sprites/pokemon/10084.png
Pikachu-PhD,https://raw.githubusercontent.com/PokeAPI/sprites/master/sprites/pokemon/10083.png
Pikachu-Pop-Star,https://raw.githubusercontent.com/PokeAPI/sprites/master/sprites/pokemon/10082.png
Pikachu-Rock-Star,https://raw.githubusercontent.com/PokeAPI/sprites/master/sprites/pokemon/10080.png
Pikachu-Surfing,https://raw.githubusercontent.com/izrofid/rrsprites/refs/heads/master/sprites/pikachu-surfing.png
Pikipek,https://raw.githubusercontent.com/PokeAPI/sprites/master/sprites/pokemon/731.png
Piloswine,https://raw.githubusercontent.com/PokeAPI/sprites/master/sprites/pokemon/221.png
Pincurchin,https://raw.githubusercontent.com/PokeAPI/sprites/master/sprites/pokemon/871.png
Pineco,https://raw.githubusercontent.com/PokeAPI/sprites/master/sprites/pokemon/204.png
Pinsir,https://raw.githubusercontent.com/PokeAPI/sprites/master/sprites/pokemon/127.png
Piplup,https://raw.githubusercontent.com/PokeAPI/sprites/master/sprites/pokemon/393.png
Plusle,https://raw.githubusercontent.com/PokeAPI/sprites/master/sprites/pokemon/311.png
Poipole,https://raw.githubusercontent.com/PokeAPI/sprites/master/sprites/pokemon/803.png
Politoed,https://raw.githubusercontent.com/PokeAPI/sprites/master/sprites/pokemon/186.png
Poliwag,https://raw.githubusercontent.com/PokeAPI/sprites/master/sprites/pokemon/60.png
Poliwhirl,https://raw.githubusercontent.com/PokeAPI/sprites/master/sprites/pokemon/61.png
Poliwrath,https://raw.githubusercontent.com/PokeAPI/sprites/master/sprites/pokemon/62.png
Poltchageist,https://raw.githubusercontent.com/PokeAPI/sprites/master/sprites/pokemon/1012.png
Polteageist,https://raw.githubusercontent.com/PokeAPI/sprites/master/sprites/pokemon/855.png
Ponyta,https://raw.githubusercontent.com/PokeAPI/sprites/master/sprites/pokemon/77.png
Ponyta-Galar,https://raw.githubusercontent.com/PokeAPI/sprites/master/sprites/pokemon/10162.png
Poochyena,https://raw.githubusercontent.com/PokeAPI/sprites/master/sprites/pokemon/261.png
Popplio,https://raw.githubusercontent.com/PokeAPI/sprites/master/sprites/pokemon/728.png
Porygon,https://raw.githubusercontent.com/PokeAPI/sprites/master/sprites/pokemon/137.png
Primeape,https://raw.githubusercontent.com/PokeAPI/sprites/master/sprites/pokemon/57.png
Probopass,https://raw.githubusercontent.com/PokeAPI/sprites/master/sprites/pokemon/476.png
Psyduck,https://raw.githubusercontent.com/PokeAPI/sprites/master/sprites/pokemon/54.png
Pumpkaboo,https://raw.githubusercontent.com/PokeAPI/sprites/master/sprites/pokemon/710.png
Purrloin,https://raw.githubusercontent.com/PokeAPI/sprites/master/sprites/pokemon/509.png
Pyroar,https://raw.githubusercontent.com/PokeAPI/sprites/master/sprites/pokemon/668.png
Pyukumuku,https://raw.githubusercontent.com/PokeAPI/sprites/master/sprites/pokemon/771.png
Quaxly,https://raw.githubusercontent.com/PokeAPI/sprites/master/sprites/pokemon/912.png
Qwilfish,https://raw.githubusercontent.com/PokeAPI/sprites/master/sprites/pokemon/211.png
Qwilfish-Hisui,https://raw.githubusercontent.com/PokeAPI/sprites/master/sprites/pokemon/10234.png
Raikou,https://raw.githubusercontent.com/PokeAPI/sprites/master/sprites/pokemon/243.png
Ralts,https://raw.githubusercontent.com/PokeAPI/sprites/master/sprites/pokemon/280.png
Rapidash,https://raw.githubusercontent.com/PokeAPI/sprites/master/sprites/pokemon/78.png
Rapidash-Galar,https://raw.githubusercontent.com/PokeAPI/sprites/master/sprites/pokemon/10163.png
Raticate,https://raw.githubusercontent.com/PokeAPI/sprites/master/sprites/pokemon/20.png
Raticate-Alola,https://raw.githubusercontent.com/PokeAPI/sprites/master/sprites/pokemon/10092.png
Rattata,https://raw.githubusercontent.com/PokeAPI/sprites/master/sprites/pokemon/19.png
Rattata-Alola,https://raw.githubusercontent.com/PokeAPI/sprites/master/sprites/pokemon/10091.png
Regice,https://raw.githubusercontent.com/PokeAPI/sprites/master/sprites/pokemon/378.png
Regidrago,https://raw.githubusercontent.com/PokeAPI/sprites/master/sprites/pokemon/895.png
Regieleki,https://raw.githubusercontent.com/PokeAPI/sprites/master/sprites/pokemon/894.png
Regigigas,https://raw.githubusercontent.com/PokeAPI/sprites/master/sprites/pokemon/486.png
Regirock,https://raw.githubusercontent.com/PokeAPI/sprites/master/sprites/pokemon/377.png
Registeel,https://raw.githubusercontent.com/PokeAPI/sprites/master/sprites/pokemon/379.png
Relicanth,https://raw.githubusercontent.com/PokeAPI/sprites/master/sprites/pokemon/369.png
Rellor,https://raw.githubusercontent.com/PokeAPI/sprites/master/sprites/pokemon/953.png
Remoraid,https://raw.githubusercontent.com/PokeAPI/sprites/master/sprites/pokemon/223.png
Reuniclus,https://raw.githubusercontent.com/PokeAPI/sprites/master/sprites/pokemon/579.png
Rhyhorn,https://raw.githubusercontent.com/PokeAPI/sprites/master/sprites/pokemon/111.png
Riolu,https://raw.githubusercontent.com/PokeAPI/sprites/master/sprites/pokemon/447.png
Roaring Moon,https://raw.githubusercontent.com/PokeAPI/sprites/master/sprites/pokemon/1005.png
Rockruff,https://raw.githubusercontent.com/PokeAPI/sprites/master/sprites/pokemon/744.png
Roggenrola,https://raw.githubusercontent.com/PokeAPI/sprites/master/sprites/pokemon/524.png
Rolycoly,https://raw.githubusercontent.com/PokeAPI/sprites/master/sprites/pokemon/837.png
Rookidee,https://raw.githubusercontent.com/PokeAPI/sprites/master/sprites/pokemon/821.png
Roselia,https://raw.githubusercontent.com/PokeAPI/sprites/master/sprites/pokemon/315.png
Roserade,https://raw.githubusercontent.com/PokeAPI/sprites/master/sprites/pokemon/407.png
Rotom,https://raw.githubusercontent.com/PokeAPI/sprites/master/sprites/pokemon/479.png
Rowlet,https://raw.githubusercontent.com/PokeAPI/sprites/master/sprites/pokemon/722.png
Rufflet,https://raw.githubusercontent.com/PokeAPI/sprites/master/sprites/pokemon/627.png
Runerigus,https://raw.githubusercontent.com/PokeAPI/sprites/master/sprites/pokemon/867.png
Sableye,https://raw.githubusercontent.com/PokeAPI/sprites/master/sprites/pokemon/302.png
Salamence,https://raw.githubusercontent.com/PokeAPI/sprites/master/sprites/pokemon/373.png
Salandit,https://raw.githubusercontent.com/PokeAPI/sprites/master/sprites/pokemon/757.png
Salazzle,https://raw.githubusercontent.com/PokeAPI/sprites/master/sprites/pokemon/758.png
Samurott-Hisui,https://raw.githubusercontent.com/PokeAPI/sprites/master/sprites/pokemon/10236.png
Sandaconda,https://raw.githubusercontent.com/PokeAPI/sprites/master/sprites/pokemon/844.png
Sandile,https://raw.githubusercontent.com/PokeAPI/sprites/master/sprites/pokemon/551.png
Sandshrew,https://raw.githubusercontent.com/PokeAPI/sprites/master/sprites/pokemon/27.png
Sandshrew-Alola,https://raw.githubusercontent.com/PokeAPI/sprites/master/sprites/pokemon/10101.png
Sandslash,https://raw.githubusercontent.com/PokeAPI/sprites/master/sprites/pokemon/28.png
Sandslash-Alola,https://raw.githubusercontent.com/PokeAPI/sprites/master/sprites/pokemon/10102.png
Sandy Shocks,https://raw.githubusercontent.com/PokeAPI/sprites/master/sprites/pokemon/989.png
Sandygast,https://raw.githubusercontent.com/PokeAPI/sprites/master/sprites/pokemon/769.png
Sawk,https://raw.githubusercontent.com/PokeAPI/sprites/master/sprites/pokemon/539.png
Scatterbug,https://raw.githubusercontent.com/PokeAPI/sprites/master/sprites/pokemon/664.png
Scizor,https://raw.githubusercontent.com/PokeAPI/sprites/master/sprites/pokemon/212.png
Scorbunny,https://raw.githubusercontent.com/PokeAPI/sprites/master/sprites/pokemon/813.png
Scraggy,https://raw.githubusercontent.com/PokeAPI/sprites/master/sprites/pokemon/559.png
Screamtail,
Scyther,https://raw.githubusercontent.com/PokeAPI/sprites/master/sprites/pokemon/123.png
Seadra,https://raw.githubusercontent.com/PokeAPI/sprites/master/sprites/pokemon/117.png
Seaking,https://raw.githubusercontent.com/PokeAPI/sprites/master/sprites/pokemon/119.png
Sealeo,https://raw.githubusercontent.com/PokeAPI/sprites/master/sprites/pokemon/364.png
Seedot,https://raw.githubusercontent.com/PokeAPI/sprites/master/sprites/pokemon/273.png
Seel,https://raw.githubusercontent.com/PokeAPI/sprites/master/sprites/pokemon/86.png
Seismitoad,https://raw.githubusercontent.com/PokeAPI/sprites/master/sprites/pokemon/537.png
Sentret,https://raw.githubusercontent.com/PokeAPI/sprites/master/sprites/pokemon/161.png
Seviper,https://raw.githubusercontent.com/PokeAPI/sprites/master/sprites/pokemon/336.png
Sewaddle,https://raw.githubusercontent.com/PokeAPI/sprites/master/sprites/pokemon/540.png
Sharpedo,https://raw.githubusercontent.com/PokeAPI/sprites/master/sprites/pokemon/319.png
Shaymin,https://raw.githubusercontent.com/PokeAPI/sprites/master/sprites/pokemon/10006.png
Shellder,https://raw.githubusercontent.com/PokeAPI/sprites/master/sprites/pokemon/90.png
Shellos,https://raw.githubusercontent.com/PokeAPI/sprites/master/sprites/pokemon/422.png
Shelmet,https://raw.githubusercontent.com/PokeAPI/sprites/master/sprites/pokemon/616.png
Shieldon,https://raw.githubusercontent.com/PokeAPI/sprites/master/sprites/pokemon/410.png
Shiftry,https://raw.githubusercontent.com/PokeAPI/sprites/master/sprites/pokemon/275.png
Shinx,https://raw.githubusercontent.com/PokeAPI/sprites/master/sprites/pokemon/403.png
Shroodle,https://raw.githubusercontent.com/PokeAPI/sprites/master/sprites/pokemon/944.png
Shroomish,https://raw.githubusercontent.com/PokeAPI/sprites/master/sprites/pokemon/285.png
Shuckle,https://raw.githubusercontent.com/PokeAPI/sprites/master/sprites/pokemon/213.png
Shuppet,https://raw.githubusercontent.com/PokeAPI/sprites/master/sprites/pokemon/353.png
Sigilyph,https://raw.githubusercontent.com/PokeAPI/sprites/master/sprites/pokemon/561.png
Silicobra,https://raw.githubusercontent.com/PokeAPI/sprites/master/sprites/pokemon/843.png
Simipour,https://raw.githubusercontent.com/PokeAPI/sprites/master/sprites/pokemon/516.png
Simisage,https://raw.githubusercontent.com/PokeAPI/sprites/master/sprites/pokemon/512.png
Simisear,https://raw.githubusercontent.com/PokeAPI/sprites/master/sprites/pokemon/514.png
Sinistcha,https://raw.githubusercontent.com/PokeAPI/sprites/master/sprites/pokemon/1013.png
Sinistea,https://raw.githubusercontent.com/PokeAPI/sprites/master/sprites/pokemon/854.png
Sirfetch’d,https://raw.githubusercontent.com/PokeAPI/sprites/master/sprites/pokemon/865.png
Sizzlipede,https://raw.githubusercontent.com/PokeAPI/sprites/master/sprites/pokemon/850.png
Skarmory,https://raw.githubusercontent.com/PokeAPI/sprites/master/sprites/pokemon/227.png
Skiddo,https://raw.githubusercontent.com/PokeAPI/sprites/master/sprites/pokemon/672.png
Skitty,https://raw.githubusercontent.com/PokeAPI/sprites/master/sprites/pokemon/300.png
Skorupi,https://raw.githubusercontent.com/PokeAPI/sprites/master/sprites/pokemon/451.png
Skrelp,https://raw.githubusercontent.com/PokeAPI/sprites/master/sprites/pokemon/690.png
Skuntank,https://raw.githubusercontent.com/PokeAPI/sprites/master/sprites/pokemon/435.png
Skwovet,https://raw.githubusercontent.com/PokeAPI/sprites/master/sprites/pokemon/819.png
Slakoth,https://raw.githubusercontent.com/PokeAPI/sprites/master/sprites/pokemon/287.png
Sliggoo-Hisui,https://raw.githubusercontent.com/PokeAPI/sprites/master/sprites/pokemon/10241.png
Slither Wing,https://raw.githubusercontent.com/PokeAPI/sprites/master/sprites/pokemon/988.png
Slowbro,https://raw.githubusercontent.com/PokeAPI/sprites/master/sprites/pokemon/80.png
Slowbro-Galar,https://raw.githubusercontent.com/PokeAPI/sprites/master/sprites/pokemon/10165.png
Slowking,https://raw.githubusercontent.com/PokeAPI/sprites/master/sprites/pokemon/199.png
Slowpoke,https://raw.githubusercontent.com/PokeAPI/sprites/master/sprites/pokemon/79.png
Slowpoke-Galar,https://raw.githubusercontent.com/PokeAPI/sprites/master/sprites/pokemon/10164.png
Slugma,https://raw.githubusercontent.com/PokeAPI/sprites/master/sprites/pokemon/218.png
Smeargle,https://raw.githubusercontent.com/PokeAPI/sprites/master/sprites/pokemon/235.png
Smoliv,https://raw.githubusercontent.com/PokeAPI/sprites/master/sprites/pokemon/928.png
Smoochum,https://raw.githubusercontent.com/PokeAPI/sprites/master/sprites/pokemon/238.png
Sneasel,https://raw.githubusercontent.com/PokeAPI/sprites/master/sprites/pokemon/215.png
Sneasel-Hisui,https://raw.githubusercontent.com/PokeAPI/sprites/master/sprites/pokemon/10235.png
Snivy,https://raw.githubusercontent.com/PokeAPI/sprites/master/sprites/pokemon/495.png
Snom,https://raw.githubusercontent.com/PokeAPI/sprites/master/sprites/pokemon/872.png
Snorunt,https://raw.githubusercontent.com/PokeAPI/sprites/master/sprites/pokemon/361.png
Snover,https://raw.githubusercontent.com/PokeAPI/sprites/master/sprites/pokemon/459.png
Snubbull,https://raw.githubusercontent.com/PokeAPI/sprites/master/sprites/pokemon/209.png
Sobble,https://raw.githubusercontent.com/PokeAPI/sprites/master/sprites/pokemon/816.png
Solosis,https://raw.githubusercontent.com/PokeAPI/sprites/master/sprites/pokemon/577.png
Solrock,https://raw.githubusercontent.com/PokeAPI/sprites/master/sprites/pokemon/338.png
Spearow,https://raw.githubusercontent.com/PokeAPI/sprites/master/sprites/pokemon/21.png
Spectrier,https://raw.githubusercontent.com/PokeAPI/sprites/master/sprites/pokemon/897.png
Spheal,https://raw.githubusercontent.com/PokeAPI/sprites/master/sprites/pokemon/363.png
Spinarak,https://raw.githubusercontent.com/PokeAPI/sprites/master/sprites/pokemon/167.png
Spinda,https://raw.githubusercontent.com/PokeAPI/sprites/master/sprites/pokemon/327.png
Spiritomb,https://raw.githubusercontent.com/PokeAPI/sprites/master/sprites/pokemon/442.png
Spoink,https://raw.githubusercontent.com/PokeAPI/sprites/master/sprites/pokemon/325.png
Sprigatito,https://raw.githubusercontent.com/PokeAPI/sprites/master/sprites/pokemon/906.png
Spritzee,https://raw.githubusercontent.com/PokeAPI/sprites/master/sprites/pokemon/682.png
Squawkabilly,https://raw.githubusercontent.com/PokeAPI/sprites/master/sprites/pokemon/931.png
Squawkabilly-White,https://raw.githubusercontent.com/PokeAPI/sprites/master/sprites/pokemon/10262.png
Squirtle,https://raw.githubusercontent.com/PokeAPI/sprites/master/sprites/pokemon/7.png
Stakataka,https://raw.githubusercontent.com/PokeAPI/sprites/master/sprites/pokemon/805.png
Stantler,https://raw.githubusercontent.com/PokeAPI/sprites/master/sprites/pokemon/234.png
Staraptor,https://raw.githubusercontent.com/PokeAPI/sprites/master/sprites/pokemon/398.png
Starly,https://raw.githubusercontent.com/PokeAPI/sprites/master/sprites/pokemon/396.png
Starmie,https://raw.githubusercontent.com/PokeAPI/sprites/master/sprites/pokemon/121.png
Staryu,https://raw.githubusercontent.com/PokeAPI/sprites/master/sprites/pokemon/120.png
Steelix,https://raw.githubusercontent.com/PokeAPI/sprites/master/sprites/pokemon/208.png
Stonjourner,https://raw.githubusercontent.com/PokeAPI/sprites/master/sprites/pokemon/874.png
Stufful,https://raw.githubusercontent.com/PokeAPI/sprites/master/sprites/pokemon/759.png
Stunfisk,https://raw.githubusercontent.com/PokeAPI/sprites/master/sprites/pokemon/618.png
Stunfisk-Galar,https://raw.githubusercontent.com/PokeAPI/sprites/master/sprites/pokemon/10180.png
Stunky,https://raw.githubusercontent.com/PokeAPI/sprites/master/sprites/pokemon/434.png
Suicune,https://raw.githubusercontent.com/PokeAPI/sprites/master/sprites/pokemon/245.png
Sunkern,https://raw.githubusercontent.com/PokeAPI/sprites/master/sprites/pokemon/191.png
Surskit,https://raw.githubusercontent.com/PokeAPI/sprites/master/sprites/pokemon/283.png
Swablu,https://raw.githubusercontent.com/PokeAPI/sprites/master/sprites/pokemon/333.png
Swadloon,https://raw.githubusercontent.com/PokeAPI/sprites/master/sprites/pokemon/541.png
Swalot,https://raw.githubusercontent.com/PokeAPI/sprites/master/sprites/pokemon/317.png
Swinub,https://raw.githubusercontent.com/PokeAPI/sprites/master/sprites/pokemon/220.png
Swirlix,https://raw.githubusercontent.com/PokeAPI/sprites/master/sprites/pokemon/684.png
Tadbulb,https://raw.githubusercontent.com/PokeAPI/sprites/master/sprites/pokemon/938.png
Taillow,https://raw.githubusercontent.com/PokeAPI/sprites/master/sprites/pokemon/276.png
Talonflame,https://raw.githubusercontent.com/PokeAPI/sprites/master/sprites/pokemon/663.png
Tandemaus,https://raw.githubusercontent.com/PokeAPI/sprites/master/sprites/pokemon/924.png
Tangela,https://raw.githubusercontent.com/PokeAPI/sprites/master/sprites/pokemon/114.png
Tangrowth,https://raw.githubusercontent.com/PokeAPI/sprites/master/sprites/pokemon/465.png
Tapu Bulu,https://raw.githubusercontent.com/PokeAPI/sprites/master/sprites/pokemon/787.png
Tapu Fini,https://raw.githubusercontent.com/PokeAPI/sprites/master/sprites/pokemon/788.png
Tapu Koko,https://raw.githubusercontent.com/PokeAPI/sprites/master/sprites/pokemon/785.png
Tapu Lele,https://raw.githubusercontent.com/PokeAPI/sprites/master/sprites/pokemon/786.png
Tarountula,https://raw.githubusercontent.com/PokeAPI/sprites/master/sprites/pokemon/917.png
Tatsugiri,https://raw.githubusercontent.com/PokeAPI/sprites/master/sprites/pokemon/978.png
Tauros,https://raw.githubusercontent.com/PokeAPI/sprites/master/sprites/pokemon/128.png
Tauros-Paldea-Aqua,https://raw.githubusercontent.com/PokeAPI/sprites/master/sprites/pokemon/10252.png
Tauros-Paldea-Blaze,https://raw.githubusercontent.com/PokeAPI/sprites/master/sprites/pokemon/10251.png
Tauros-Paldea-Combat,https://raw.githubusercontent.com/PokeAPI/sprites/master/sprites/pokemon/10250.png
Teddiursa,https://raw.githubusercontent.com/PokeAPI/sprites/master/sprites/pokemon/216.png
Teddiursa-Sevii,https://raw.githubusercontent.com/izrofid/rrsprites/refs/heads/master/sprites/teddiursa-sevii.png
Tentacool,https://raw.githubusercontent.com/PokeAPI/sprites/master/sprites/pokemon/72.png
Tentacruel,https://raw.githubusercontent.com/PokeAPI/sprites/master/sprites/pokemon/73.png
Tepig,https://raw.githubusercontent.com/PokeAPI/sprites/master/sprites/pokemon/498.png
Throh,https://raw.githubusercontent.com/PokeAPI/sprites/master/sprites/pokemon/538.png
Timburr,https://raw.githubusercontent.com/PokeAPI/sprites/master/sprites/pokemon/532.png
Tinkatink,https://raw.githubusercontent.com/PokeAPI/sprites/master/sprites/pokemon/957.png
Tinkatuff,https://raw.githubusercontent.com/PokeAPI/sprites/master/sprites/pokemon/958.png
Tirtouga,https://raw.githubusercontent.com/PokeAPI/sprites/master/sprites/pokemon/564.png
Toedscool,https://raw.githubusercontent.com/PokeAPI/sprites/master/sprites/pokemon/948.png
Togedemaru,https://raw.githubusercontent.com/PokeAPI/sprites/master/sprites/pokemon/777.png
Togepi,https://raw.githubusercontent.com/PokeAPI/sprites/master/sprites/pokemon/175.png
Torchic,https://raw.githubusercontent.com/PokeAPI/sprites/master/sprites/pokemon/255.png
Torkoal,https://raw.githubusercontent.com/PokeAPI/sprites/master/sprites/pokemon/324.png
Totodile,https://raw.githubusercontent.com/PokeAPI/sprites/master/sprites/pokemon/158.png
Toxapex,https://raw.githubusercontent.com/PokeAPI/sprites/master/sprites/pokemon/748.png
Toxel,https://raw.githubusercontent.com/PokeAPI/sprites/master/sprites/pokemon/848.png
Toxicroak,https://raw.githubusercontent.com/PokeAPI/sprites/master/sprites/pokemon/454.png
Toxtricity,https://raw.githubusercontent.com/PokeAPI/sprites/master/sprites/pokemon/849.png
Trapinch,https://raw.githubusercontent.com/PokeAPI/sprites/master/sprites/pokemon/328.png
Treecko,https://raw.githubusercontent.com/PokeAPI/sprites/master/sprites/pokemon/252.png
Tropius,https://raw.githubusercontent.com/PokeAPI/sprites/master/sprites/pokemon/357.png
Trubbish,https://raw.githubusercontent.com/PokeAPI/sprites/master/sprites/pokemon/568.png
Tsareena,https://raw.githubusercontent.com/PokeAPI/sprites/master/sprites/pokemon/763.png
Turtonator,https://raw.githubusercontent.com/PokeAPI/sprites/master/sprites/pokemon/776.png
Turtwig,https://raw.githubusercontent.com/PokeAPI/sprites/master/sprites/pokemon/387.png
Tympole,https://raw.githubusercontent.com/PokeAPI/sprites/master/sprites/pokemon/535.png
Tynamo,https://raw.githubusercontent.com/PokeAPI/sprites/master/sprites/pokemon/602.png
Type: Null,
Typhlosion-Hisui,https://raw.githubusercontent.com/PokeAPI/sprites/master/sprites/pokemon/10233.png
Tyranitar,https://raw.githubusercontent.com/PokeAPI/sprites/master/sprites/pokemon/248.png
Tyrogue,https://raw.githubusercontent.com/PokeAPI/sprites/master/sprites/pokemon/236.png
Tyrunt,https://raw.githubusercontent.com/PokeAPI/sprites/master/sprites/pokemon/696.png
Ursaluna,https://raw.githubusercontent.com/PokeAPI/sprites/master/sprites/pokemon/901.png
Ursaluna-Bloodmoon,https://raw.githubusercontent.com/PokeAPI/sprites/master/sprites/pokemon/10272.png
Uxie,https://raw.githubusercontent.com/PokeAPI/sprites/master/sprites/pokemon/480.png
Vanillite,https://raw.githubusercontent.com/PokeAPI/sprites/master/sprites/pokemon/582.png
Vanilluxe,https://raw.githubusercontent.com/PokeAPI/sprites/master/sprites/pokemon/584.png
Varoom,https://raw.githubusercontent.com/PokeAPI/sprites/master/sprites/pokemon/965.png
Veluza,https://raw.githubusercontent.com/PokeAPI/sprites/master/sprites/pokemon/976.png
Venipede,https://raw.githubusercontent.com/PokeAPI/sprites/master/sprites/pokemon/543.png
Venonat,https://raw.githubusercontent.com/PokeAPI/sprites/master/sprites/pokemon/48.png
Victini,https://raw.githubusercontent.com/PokeAPI/sprites/master/sprites/pokemon/494.png
Vikavolt,https://raw.githubusercontent.com/PokeAPI/sprites/master/sprites/pokemon/738.png
Volbeat,https://raw.githubusercontent.com/PokeAPI/sprites/master/sprites/pokemon/313.png
Volcanion,https://raw.githubusercontent.com/PokeAPI/sprites/master/sprites/pokemon/721.png
Volcarona,https://raw.githubusercontent.com/PokeAPI/sprites/master/sprites/pokemon/637.png
Voltorb,https://raw.githubusercontent.com/PokeAPI/sprites/master/sprites/pokemon/100.png
Voltorb-Hisui,https://raw.githubusercontent.com/PokeAPI/sprites/master/sprites/pokemon/10231.png
Vullaby,https://raw.githubusercontent.com/PokeAPI/sprites/master/sprites/pokemon/629.png
Vulpix,https://raw.githubusercontent.com/PokeAPI/sprites/master/sprites/pokemon/37.png
Vulpix-Alola,https://raw.githubusercontent.com/PokeAPI/sprites/master/sprites/pokemon/10103.png
Wailmer,https://raw.githubusercontent.com/PokeAPI/sprites/master/sprites/pokemon/320.png
Wailord,https://raw.githubusercontent.com/PokeAPI/sprites/master/sprites/pokemon/321.png
Walrein,https://raw.githubusercontent.com/PokeAPI/sprites/master/sprites/pokemon/365.png
Wattrel,https://raw.githubusercontent.com/PokeAPI/sprites/master/sprites/pokemon/940.png
Weedle,https://raw.githubusercontent.com/PokeAPI/sprites/master/sprites/pokemon/13.png
Weezing,https://raw.githubusercontent.com/PokeAPI/sprites/master/sprites/pokemon/110.png
Weezing-Galar,https://raw.githubusercontent.com/PokeAPI/sprites/master/sprites/pokemon/10167.png
Whirlipede,https://raw.githubusercontent.com/PokeAPI/sprites/master/sprites/pokemon/544.png
Whiscash,https://raw.githubusercontent.com/PokeAPI/sprites/master/sprites/pokemon/340.png
Whismur,https://raw.githubusercontent.com/PokeAPI/sprites/master/sprites/pokemon/293.png
Wiglett,https://raw.githubusercontent.com/PokeAPI/sprites/master/sprites/pokemon/960.png
Wimpod,https://raw.githubusercontent.com/PokeAPI/sprites/master/sprites/pokemon/767.png
Wingull,https://raw.githubusercontent.com/PokeAPI/sprites/master/sprites/pokemon/278.png
Wishiwashi,https://raw.githubusercontent.com/PokeAPI/sprites/master/sprites/pokemon/10127.png
Wishiwashi-Sevii,https://raw.githubusercontent.com/izrofid/rrsprites/refs/heads/master/sprites/wishiwashi-school-sevii.png
Wobbuffet,https://raw.githubusercontent.com/PokeAPI/sprites/master/sprites/pokemon/202.png
Woobat,https://raw.githubusercontent.com/PokeAPI/sprites/master/sprites/pokemon/527.png
Wooloo,https://raw.githubusercontent.com/PokeAPI/sprites/master/sprites/pokemon/831.png
Wooper,https://raw.githubusercontent.com/PokeAPI/sprites/master/sprites/pokemon/194.png
Wooper-Paldea,https://raw.githubusercontent.com/PokeAPI/sprites/master/sprites/pokemon/10253.png
Wurmple,https://raw.githubusercontent.com/PokeAPI/sprites/master/sprites/pokemon/265.png
Xatu,https://raw.githubusercontent.com/PokeAPI/sprites/master/sprites/pokemon/178.png
Xurkitree,https://raw.githubusercontent.com/PokeAPI/sprites/master/sprites/pokemon/796.png
Yamask,https://raw.githubusercontent.com/PokeAPI/sprites/master/sprites/pokemon/562.png
Yamask-Galar,https://raw.githubusercontent.com/PokeAPI/sprites/master/sprites/pokemon/10179.png
Yamper,https://raw.githubusercontent.com/PokeAPI/sprites/master/sprites/pokemon/835.png
Yanma,https://raw.githubusercontent.com/PokeAPI/sprites/master/sprites/pokemon/193.png
Yungoos,https://raw.githubusercontent.com/PokeAPI/sprites/master/sprites/pokemon/734.png
Zangoose,https://raw.githubusercontent.com/PokeAPI/sprites/master/sprites/pokemon/335.png
Zarude,https://raw.githubusercontent.com/PokeAPI/sprites/master/sprites/pokemon/893.png
Zebstrika,https://raw.githubusercontent.com/PokeAPI/sprites/master/sprites/pokemon/523.png
Zeraora,https://raw.githubusercontent.com/PokeAPI/sprites/master/sprites/pokemon/807.png
Zigzagoon,https://raw.githubusercontent.com/PokeAPI/sprites/master/sprites/pokemon/263.png
Zigzagoon-Galar,https://raw.githubusercontent.com/PokeAPI/sprites/master/sprites/pokemon/10174.png
Zoroark-Hisui,https://raw.githubusercontent.com/PokeAPI/sprites/master/sprites/pokemon/10239.png
Zorua,https://raw.githubusercontent.com/PokeAPI/sprites/master/sprites/pokemon/570.png
Zorua-Hisui,https://raw.githubusercontent.com/PokeAPI/sprites/master/sprites/pokemon/10238.png
Zubat,https://raw.githubusercontent.com/PokeAPI/sprites/master/sprites/pokemon/41.png
Zygarde,https://raw.githubusercontent.com/PokeAPI/sprites/master/sprites/pokemon/10120.png
Zygarde-10%,https://raw.githubusercontent.com/PokeAPI/sprites/master/sprites/pokemon/shiny/718-10.png
